<?xml version="1.0" encoding="UTF-8"?>
<!DOCTYPE hibernate-configuration PUBLIC
		"-//Hibernate/Hibernate Configuration DTD 3.0//EN"
		"http://www.hibernate.org/dtd/hibernate-configuration-3.0.dtd">
<hibernate-configuration>
    <session-factory>
        <property name="hibernate.connection.driver_class">com.microsoft.sqlserver.jdbc.SQLServerDriver</property>
        <property name="hibernate.connection.username">sa</property>
        <property name="hibernate.connection.password">123456789</property>
        <property name="hibernate.dialect">org.hibernate.dialect.SQLServer2012Dialect</property>
        <property name="hibernate.connection.url">jdbc:sqlserver://localhost:1433;databaseName=ATJB_otp1;encrypt=true;trustServerCertificate=true;sendTimeAsDateTime=false;</property>
        <property name="hibernate.default_schema">dbo</property>
        <property name="show_sql">true</property>
        <property name="hbm2ddl.auto">none</property>
        
        <mapping class="entities.DichVu" />
        <mapping class="entities.KhachHang" />
        <mapping class="entities.May" />
        <mapping class="entities.SuDungDichVu" />
        <mapping class="entities.SuDungMay" />
        <mapping class="entities.SuDungDichVuMay" />
    </session-factory>
</hibernate-configuration>
